"","tax_name","ExrNTC_S49","WP2-001_S1","WP2-002_S2","WP2-003_S3","WP2-004_S4","WP2-005_S5","WP2-006_S6","WP2-007_S7","WP2-008_S8","WP2-009_S9","WP2-010_S10","WP2-011_S11","WP2-012_S12","WP2-013_S13","WP2-014_S14","WP2-016_S16","WP2-017_S17","WP2-018_S18","WP2-019_S19","WP2-020_S20","WP2-021_S21","WP2-022_S22","WP2-023_S23","WP2-024_S24","WP2-025_S25","WP2-026_S26","WP2-027_S48","WP2-029_S29","WP2-030_S30","WP2-031_S31","WP2-032_S32","WP2-033_S33","WP2-034_S34","WP2-035_S35","WP2-036_S36","WP2-037_S37","WP2-038_S38","WP2-039_S39","WP2-040_S40","WP2-041_S41","WP2-042_S42","WP2-043_S43","WP2-044_S44","WP2-045_S45","WP2-046_S46"
"1","Acer",NA,NA,NA,NA,NA,54,NA,NA,NA,NA,NA,NA,NA,NA,NA,NA,NA,NA,NA,NA,NA,NA,NA,NA,NA,NA,NA,NA,64,NA,NA,NA,NA,NA,NA,NA,NA,NA,NA,NA,NA,NA,NA,NA,NA
"2","Actinidia",NA,NA,NA,NA,NA,NA,NA,NA,NA,NA,NA,NA,NA,NA,NA,NA,NA,NA,NA,NA,67,NA,NA,NA,NA,NA,NA,NA,NA,NA,NA,NA,NA,NA,NA,NA,NA,NA,NA,NA,NA,NA,NA,NA,NA
"3","Aegilops",NA,NA,NA,NA,NA,NA,NA,NA,NA,NA,NA,50,NA,NA,NA,NA,NA,NA,NA,NA,NA,NA,NA,NA,NA,NA,NA,NA,NA,NA,NA,NA,NA,NA,NA,NA,NA,NA,NA,NA,NA,NA,NA,NA,NA
"4","Agropyron",NA,NA,NA,NA,NA,NA,NA,NA,NA,NA,NA,92,NA,NA,NA,NA,NA,NA,NA,NA,NA,NA,NA,NA,NA,NA,NA,NA,NA,NA,NA,NA,NA,NA,NA,NA,NA,NA,NA,NA,NA,NA,NA,NA,NA
"5","Agrostemma",NA,NA,NA,NA,NA,NA,NA,NA,NA,NA,NA,67,NA,60,NA,NA,NA,NA,NA,NA,NA,NA,NA,NA,NA,NA,NA,70,114,NA,NA,NA,NA,NA,NA,NA,NA,NA,NA,NA,NA,NA,NA,NA,NA
"6","Agrostis",NA,NA,NA,NA,NA,244,NA,NA,NA,59,114,109,NA,NA,NA,53,NA,NA,NA,NA,70,NA,NA,NA,NA,NA,NA,NA,51,NA,NA,NA,NA,NA,NA,NA,NA,NA,NA,NA,NA,NA,NA,NA,NA
"7","Ailanthus",NA,NA,NA,NA,NA,NA,NA,NA,NA,NA,NA,NA,NA,NA,74,NA,NA,NA,NA,NA,NA,NA,NA,NA,NA,NA,NA,NA,NA,NA,NA,NA,NA,NA,NA,NA,NA,NA,NA,NA,NA,NA,NA,NA,NA
"8","Ajuga",NA,NA,NA,NA,NA,NA,NA,NA,NA,NA,NA,72,NA,NA,NA,NA,NA,NA,NA,NA,NA,NA,NA,NA,NA,NA,NA,74,73,NA,NA,NA,NA,NA,NA,NA,NA,NA,NA,NA,NA,NA,NA,NA,NA
"9","Alchemilla",NA,NA,NA,NA,NA,NA,NA,NA,NA,NA,NA,NA,NA,NA,NA,NA,NA,NA,NA,NA,NA,NA,NA,NA,NA,NA,NA,NA,59,NA,NA,NA,NA,NA,NA,NA,NA,NA,NA,NA,NA,NA,NA,NA,NA
"10","Allium",NA,NA,NA,NA,NA,195,NA,93,NA,NA,57,60,NA,NA,NA,51,NA,NA,NA,85,NA,53,NA,NA,NA,NA,NA,NA,NA,NA,NA,NA,NA,NA,79,NA,66,NA,NA,NA,NA,NA,NA,NA,NA
"11","Alnus",NA,NA,73,291,1122,379,1396,1303,98,NA,390,113,NA,NA,NA,NA,NA,142,83,NA,140,NA,NA,91,125,51,NA,NA,NA,NA,NA,1920,1332,147,1188,291,121,NA,85,NA,NA,NA,NA,NA,NA
"12","Amaranthus",NA,NA,NA,NA,NA,NA,NA,NA,NA,NA,NA,NA,NA,NA,NA,NA,NA,NA,NA,NA,NA,NA,NA,NA,NA,55,NA,69,NA,NA,NA,NA,NA,NA,NA,NA,NA,NA,NA,NA,NA,NA,NA,NA,NA
"13","Amborella",NA,NA,NA,NA,NA,NA,NA,NA,NA,NA,NA,56,NA,NA,NA,NA,NA,NA,NA,NA,NA,NA,NA,NA,NA,NA,NA,NA,NA,NA,NA,NA,NA,NA,NA,NA,NA,NA,NA,NA,NA,NA,NA,NA,NA
"14","Ananas",NA,NA,NA,NA,NA,NA,NA,NA,NA,NA,NA,NA,NA,NA,NA,NA,NA,NA,NA,NA,NA,NA,NA,NA,NA,NA,NA,53,NA,NA,NA,NA,NA,NA,NA,NA,NA,NA,NA,NA,NA,NA,NA,NA,NA
"15","Andromeda",NA,NA,NA,NA,NA,NA,NA,NA,NA,NA,NA,NA,NA,NA,NA,NA,NA,NA,NA,NA,51,NA,NA,NA,NA,NA,NA,NA,NA,NA,NA,NA,NA,NA,NA,NA,NA,NA,NA,NA,NA,NA,NA,NA,NA
"16","Androsace",NA,NA,NA,NA,NA,NA,NA,NA,NA,NA,NA,NA,NA,NA,NA,NA,NA,NA,NA,NA,NA,NA,NA,NA,NA,NA,NA,NA,NA,NA,NA,NA,NA,NA,NA,NA,NA,NA,NA,56,NA,NA,NA,NA,NA
"17","Angelica",NA,NA,NA,NA,NA,NA,NA,NA,NA,NA,438,NA,NA,NA,NA,NA,NA,NA,NA,NA,245,NA,NA,NA,NA,NA,NA,NA,NA,NA,NA,NA,NA,NA,NA,NA,NA,NA,NA,NA,NA,NA,NA,NA,NA
"18","Anthoxanthum",NA,NA,NA,NA,NA,NA,NA,NA,NA,NA,82,50,NA,NA,NA,NA,NA,NA,NA,NA,NA,NA,NA,NA,NA,NA,NA,NA,NA,NA,NA,NA,NA,NA,NA,NA,NA,NA,NA,NA,NA,NA,NA,NA,NA
"19","Anthyllis",NA,NA,NA,NA,NA,NA,NA,65,NA,NA,NA,NA,NA,NA,NA,NA,NA,NA,NA,NA,NA,NA,NA,NA,NA,NA,NA,NA,59,NA,NA,NA,NA,NA,NA,NA,NA,NA,NA,NA,NA,NA,NA,NA,NA
"20","Antitrichia",NA,NA,NA,NA,NA,NA,NA,NA,NA,NA,NA,NA,NA,NA,NA,NA,NA,NA,NA,NA,NA,NA,NA,NA,NA,NA,NA,NA,86,NA,NA,NA,NA,NA,NA,NA,NA,NA,74,NA,NA,NA,NA,NA,NA
"21","Apopellia",NA,NA,NA,NA,NA,NA,NA,NA,NA,NA,NA,NA,NA,NA,NA,NA,NA,NA,NA,NA,NA,NA,NA,NA,NA,NA,NA,NA,NA,NA,NA,NA,NA,NA,NA,NA,NA,NA,NA,84,NA,NA,NA,NA,NA
"22","Arabidopsis",NA,NA,NA,NA,NA,NA,NA,NA,NA,NA,NA,67,NA,50,NA,NA,NA,NA,NA,NA,NA,NA,NA,NA,NA,NA,NA,NA,110,NA,NA,NA,NA,NA,NA,NA,NA,NA,NA,NA,NA,NA,NA,NA,NA
"23","Arachis",NA,NA,NA,NA,58,NA,NA,NA,NA,NA,50,89,NA,82,NA,NA,NA,NA,NA,NA,51,NA,NA,NA,NA,74,NA,93,55,NA,NA,NA,NA,NA,NA,NA,NA,NA,NA,NA,NA,NA,NA,NA,NA
"24","Arctostaphylos",NA,NA,NA,NA,NA,NA,NA,92,NA,107,2378,173,NA,NA,NA,NA,NA,NA,NA,NA,14903,NA,NA,NA,NA,NA,NA,NA,NA,NA,NA,NA,NA,NA,NA,NA,NA,NA,NA,NA,NA,NA,NA,NA,NA
"25","Aria",NA,NA,NA,NA,NA,NA,NA,106,NA,NA,NA,NA,NA,NA,NA,NA,NA,NA,NA,NA,90,NA,NA,NA,NA,NA,NA,NA,NA,NA,NA,NA,NA,NA,NA,NA,NA,NA,NA,NA,NA,NA,NA,NA,NA
"26","Armeria",NA,175,77,1599,331,569,709,864,553,804,292,1138,232,134,NA,NA,85,79,176,467,4661,1579,NA,78,170,153,NA,79,143,51,NA,NA,NA,NA,200,NA,84,NA,NA,NA,NA,NA,NA,NA,NA
"27","Arrhenatherum",NA,NA,NA,NA,NA,NA,NA,NA,NA,412,114,158,NA,114,NA,NA,NA,NA,NA,80,635,67,217,NA,NA,126,NA,460,364,NA,NA,NA,NA,NA,NA,NA,NA,NA,NA,NA,NA,NA,NA,NA,NA
"28","Artemisia",NA,NA,NA,NA,NA,NA,NA,NA,NA,NA,100,NA,NA,NA,NA,NA,NA,NA,NA,NA,NA,NA,NA,NA,NA,NA,NA,NA,NA,NA,NA,NA,NA,NA,NA,NA,NA,NA,NA,NA,NA,NA,NA,NA,NA
"29","Asparagus",NA,NA,NA,NA,NA,NA,NA,NA,NA,NA,NA,54,NA,NA,NA,NA,NA,NA,NA,NA,NA,NA,NA,NA,NA,NA,NA,51,NA,NA,NA,NA,NA,NA,NA,NA,NA,NA,NA,NA,NA,NA,NA,NA,NA
"30","Asplenium",NA,NA,NA,NA,NA,NA,NA,NA,NA,NA,74,61,NA,NA,NA,NA,NA,NA,NA,NA,78,NA,NA,NA,214,NA,NA,NA,NA,NA,NA,NA,NA,NA,NA,NA,NA,NA,NA,NA,NA,NA,NA,NA,NA
"31","Astragalus",NA,NA,NA,NA,NA,NA,NA,NA,NA,NA,NA,57,NA,NA,NA,NA,NA,NA,NA,NA,NA,NA,NA,NA,NA,NA,NA,NA,53,NA,NA,NA,NA,NA,NA,NA,NA,NA,NA,NA,NA,NA,NA,NA,NA
"32","Athyrium",NA,NA,NA,NA,NA,NA,220,NA,127,65,6891,78,121,NA,NA,NA,NA,NA,NA,NA,976,NA,195,NA,88,58,178,NA,NA,NA,NA,NA,146,NA,NA,186,NA,NA,NA,71,NA,136,141,NA,NA
"33","Atriplex",NA,NA,NA,NA,NA,NA,NA,64,NA,349,216,158,NA,NA,NA,NA,NA,NA,NA,263,240,NA,NA,NA,NA,543,NA,NA,NA,NA,NA,NA,NA,NA,NA,NA,NA,NA,75,NA,NA,126,NA,NA,NA
"34","Auxenochlorella",NA,NA,NA,NA,NA,NA,NA,NA,NA,NA,NA,NA,NA,NA,NA,NA,NA,NA,NA,NA,51,NA,NA,NA,NA,NA,NA,NA,NA,NA,NA,NA,NA,NA,NA,NA,NA,NA,NA,NA,NA,NA,NA,NA,NA
"35","Avenella",NA,NA,NA,NA,NA,NA,NA,NA,NA,201,590,101,NA,164,NA,NA,NA,NA,NA,NA,1159,NA,NA,NA,52,NA,NA,NA,NA,NA,NA,NA,NA,NA,NA,NA,NA,NA,NA,NA,NA,NA,NA,NA,NA
"36","Avenula",NA,NA,NA,NA,NA,NA,NA,NA,NA,NA,NA,NA,NA,NA,NA,NA,NA,NA,NA,NA,54,NA,NA,NA,NA,NA,NA,NA,NA,NA,NA,NA,NA,NA,NA,NA,NA,NA,NA,NA,NA,NA,NA,NA,NA
"37","Bathycoccus",NA,583,291,792,490,1612,1078,1720,1912,3972,5525,12040,5997,20271,36737,8774,253,509,628,1539,3854,5812,2261,1192,17359,37048,3453,37729,19075,179,260,740,1459,1028,1181,1793,1026,508,1073,3486,8802,40769,17196,4604,203
"38","Beta",NA,NA,NA,NA,NA,NA,NA,NA,NA,NA,NA,79,NA,63,NA,NA,NA,NA,NA,NA,NA,NA,NA,NA,NA,NA,NA,NA,112,NA,NA,NA,NA,NA,NA,NA,NA,NA,NA,NA,NA,NA,NA,NA,NA
"39","Betula",NA,NA,NA,125,NA,449,577,4126,1066,2028,4136,3918,73,146,NA,NA,NA,NA,244,507,10203,129,116,659,82,348,NA,NA,64,84,56,NA,69,108,262,1946,1001,771,1428,1576,65,824,96,NA,NA
"40","Bistorta",NA,NA,NA,NA,NA,NA,NA,NA,NA,NA,NA,NA,NA,NA,NA,NA,NA,NA,NA,NA,157,NA,NA,NA,NA,NA,NA,NA,NA,NA,NA,NA,NA,NA,NA,NA,NA,NA,NA,NA,NA,155,NA,NA,NA
"41","Botrychium",NA,NA,NA,NA,NA,NA,NA,NA,NA,NA,NA,61,NA,NA,NA,NA,NA,NA,NA,NA,NA,NA,NA,NA,NA,NA,NA,NA,93,NA,NA,NA,NA,NA,NA,NA,NA,NA,NA,NA,NA,NA,NA,NA,NA
"42","Botrypus",NA,NA,NA,NA,NA,NA,NA,NA,NA,NA,67,NA,NA,NA,NA,NA,NA,NA,NA,NA,71,NA,NA,NA,NA,NA,NA,NA,NA,NA,NA,NA,NA,NA,NA,NA,NA,NA,NA,NA,NA,NA,NA,NA,NA
"43","Brassica",NA,NA,NA,NA,NA,NA,NA,NA,NA,NA,NA,71,NA,50,81,NA,NA,NA,NA,NA,NA,NA,NA,NA,NA,51,NA,66,127,NA,NA,NA,NA,NA,NA,NA,NA,NA,NA,NA,NA,NA,NA,NA,NA
"44","Braya",NA,NA,NA,NA,NA,NA,NA,NA,NA,NA,NA,191,NA,NA,NA,NA,NA,NA,NA,NA,198,NA,NA,NA,NA,54,NA,NA,127,NA,NA,NA,NA,NA,NA,NA,NA,NA,NA,NA,NA,NA,NA,NA,NA
"45","Bromus",NA,NA,NA,NA,NA,NA,NA,NA,NA,NA,62,81,NA,NA,NA,NA,NA,NA,NA,NA,51,NA,NA,NA,NA,NA,NA,NA,NA,NA,NA,NA,NA,NA,NA,NA,NA,NA,NA,NA,NA,NA,NA,NA,NA
"46","Calamagrostis",NA,NA,NA,NA,NA,NA,NA,NA,NA,NA,NA,71,NA,NA,NA,NA,NA,NA,NA,NA,NA,NA,NA,NA,74,65,NA,NA,131,NA,NA,NA,NA,NA,NA,NA,NA,NA,NA,65,NA,NA,NA,NA,NA
"47","Callitriche",NA,NA,NA,NA,NA,NA,NA,NA,NA,NA,NA,NA,NA,NA,NA,NA,NA,NA,NA,NA,117,NA,NA,NA,NA,NA,NA,NA,92,NA,NA,NA,NA,NA,55,NA,NA,NA,NA,NA,NA,NA,NA,NA,NA
"48","Calluna",NA,3378,2465,5209,4669,17701,10711,2028,2232,6943,30587,6922,NA,174,NA,NA,243,2388,2750,1267,81971,284,770,698,87,222,NA,NA,NA,365,571,818,2574,2985,1053,505,313,302,861,99,NA,162,105,NA,NA
"49","Caltha",NA,71,NA,NA,NA,NA,NA,NA,NA,261,565,98,126,3777,NA,227,NA,NA,NA,NA,950,NA,NA,NA,63,228,NA,102,110,NA,NA,NA,NA,NA,NA,NA,NA,NA,NA,NA,NA,NA,NA,NA,NA
"50","Calystegia",NA,NA,NA,NA,NA,NA,NA,NA,61,NA,NA,50,NA,NA,NA,NA,NA,NA,NA,NA,NA,NA,NA,NA,NA,NA,NA,NA,NA,NA,NA,NA,NA,NA,NA,NA,NA,NA,NA,NA,NA,NA,NA,NA,NA
"51","Camellia",NA,NA,NA,NA,NA,NA,NA,NA,NA,52,91,128,NA,102,NA,NA,NA,NA,NA,NA,97,NA,NA,NA,65,NA,NA,88,NA,98,52,55,NA,NA,NA,NA,NA,NA,NA,NA,66,NA,NA,NA,NA
"52","Cannabis",219,NA,NA,NA,NA,NA,NA,NA,NA,NA,NA,NA,NA,NA,NA,NA,NA,NA,NA,NA,NA,NA,NA,NA,NA,NA,NA,NA,NA,NA,NA,NA,NA,NA,NA,NA,NA,NA,NA,NA,NA,NA,NA,NA,NA
"53","Capsicum",NA,NA,NA,NA,NA,90,111,NA,56,NA,154,233,NA,112,NA,169,NA,NA,NA,104,71,63,67,NA,NA,99,NA,83,NA,NA,NA,51,NA,55,NA,NA,1111,NA,NA,146,88,NA,NA,184,NA
"54","Cardamine",NA,NA,NA,NA,NA,NA,NA,NA,NA,NA,NA,57,NA,54,NA,NA,NA,NA,NA,NA,NA,NA,NA,NA,NA,51,NA,56,97,NA,NA,NA,NA,NA,336,NA,NA,NA,NA,NA,NA,NA,NA,NA,NA
"55","Carduus",NA,NA,NA,NA,NA,NA,NA,NA,NA,80,78,162,NA,56,NA,NA,NA,NA,NA,72,63,108,NA,NA,NA,NA,NA,99,NA,NA,NA,NA,NA,NA,NA,NA,NA,NA,NA,NA,NA,NA,NA,NA,NA
"56","Carex",NA,129,NA,138,NA,303,313,169,96,354,1047,723,391,765,77,67,NA,NA,147,NA,2900,136,80,59,370,704,NA,316,739,108,85,76,114,140,139,161,103,78,200,104,124,237,NA,86,55
"57","Carpinus",NA,NA,NA,NA,NA,NA,NA,110,NA,NA,NA,74,NA,NA,50,NA,NA,NA,NA,NA,108,NA,NA,NA,NA,NA,NA,NA,NA,NA,NA,NA,NA,NA,NA,64,NA,NA,NA,80,NA,NA,NA,NA,NA
"58","Carya",NA,NA,NA,NA,NA,NA,NA,NA,NA,NA,NA,72,NA,NA,NA,NA,NA,NA,NA,NA,NA,NA,NA,NA,NA,NA,NA,59,NA,NA,NA,NA,NA,NA,NA,NA,NA,NA,NA,NA,NA,NA,NA,NA,NA
"59","Catabrosa",NA,NA,NA,NA,NA,NA,NA,NA,NA,NA,NA,59,NA,NA,NA,55,NA,NA,NA,NA,NA,NA,NA,NA,NA,NA,NA,NA,51,NA,NA,NA,NA,NA,NA,NA,NA,NA,NA,NA,NA,NA,NA,NA,NA
"60","Cerastium",NA,NA,NA,NA,NA,NA,NA,NA,NA,NA,NA,122,NA,NA,NA,NA,NA,NA,NA,NA,155,NA,NA,NA,NA,NA,NA,NA,NA,NA,NA,NA,NA,NA,NA,NA,NA,NA,NA,NA,NA,NA,NA,NA,NA
"61","Ceratophyllum",NA,54,58,NA,NA,50,NA,NA,NA,187,NA,NA,NA,NA,NA,NA,59,101,NA,NA,NA,NA,NA,NA,NA,NA,NA,67,NA,NA,NA,73,NA,NA,NA,NA,NA,NA,NA,113,NA,NA,NA,NA,NA
"62","Chamaedaphne",NA,NA,NA,NA,NA,NA,NA,NA,NA,NA,NA,NA,NA,NA,NA,NA,NA,NA,NA,NA,68,NA,NA,NA,NA,NA,NA,NA,NA,NA,NA,NA,NA,NA,NA,NA,NA,NA,NA,NA,NA,NA,NA,NA,NA
"63","Chamaenerion",NA,NA,NA,NA,NA,NA,NA,NA,NA,NA,NA,NA,NA,NA,63,NA,NA,NA,NA,NA,NA,NA,NA,NA,NA,NA,NA,NA,52,NA,NA,NA,NA,NA,NA,NA,NA,NA,NA,NA,NA,NA,NA,NA,NA
"64","Chenopodium",NA,NA,NA,NA,NA,NA,NA,NA,NA,NA,53,113,NA,98,NA,NA,NA,NA,NA,NA,63,51,70,NA,56,106,NA,148,106,NA,NA,NA,NA,NA,NA,NA,NA,NA,NA,NA,NA,NA,NA,NA,NA
"65","Chionographis",NA,NA,NA,NA,NA,NA,NA,NA,NA,NA,NA,NA,NA,NA,NA,NA,NA,NA,NA,NA,NA,NA,NA,NA,NA,NA,NA,62,52,NA,NA,NA,NA,NA,NA,NA,NA,NA,NA,NA,NA,NA,NA,NA,NA
"66","Chlamydomonas",NA,75,NA,NA,NA,NA,NA,NA,NA,NA,NA,62,NA,68,103,63,50,NA,NA,NA,NA,NA,NA,NA,NA,50,NA,68,417,NA,NA,NA,NA,NA,NA,NA,NA,NA,NA,NA,NA,58,NA,NA,62
"67","Chlorella",NA,51,NA,NA,NA,NA,NA,NA,NA,NA,NA,NA,NA,NA,NA,NA,NA,NA,NA,NA,NA,NA,NA,NA,NA,NA,NA,NA,NA,NA,NA,NA,NA,NA,NA,NA,NA,NA,NA,NA,NA,NA,NA,NA,NA
"68","Chloroparvula",NA,NA,NA,74,NA,72,79,144,127,265,429,532,118,184,NA,NA,NA,NA,NA,123,134,297,91,NA,183,232,NA,82,107,NA,NA,NA,NA,NA,NA,NA,NA,NA,NA,NA,NA,NA,NA,NA,NA
"69","Chrysosplenium",NA,NA,50,NA,NA,NA,NA,NA,NA,NA,67,181,NA,59,NA,NA,NA,62,NA,53,62,58,54,NA,NA,63,NA,101,118,NA,NA,NA,55,62,NA,NA,NA,NA,NA,62,NA,NA,NA,53,NA
"70","Cirsium",NA,NA,NA,NA,NA,NA,NA,55,NA,NA,75,87,NA,140,NA,NA,NA,NA,NA,NA,141,NA,NA,NA,NA,81,NA,NA,NA,NA,NA,NA,NA,NA,NA,NA,NA,NA,NA,NA,NA,NA,NA,NA,NA
"71","Climacium",NA,NA,NA,NA,NA,NA,NA,NA,NA,NA,NA,NA,NA,NA,NA,NA,NA,NA,NA,NA,NA,NA,NA,NA,NA,NA,NA,NA,91,NA,NA,NA,NA,NA,NA,NA,NA,NA,NA,NA,NA,72,NA,NA,NA
"72","Cochlearia",NA,NA,NA,NA,NA,NA,NA,NA,NA,NA,NA,NA,NA,324,NA,NA,NA,NA,NA,NA,NA,NA,NA,NA,NA,NA,NA,NA,NA,NA,NA,NA,NA,NA,NA,NA,NA,NA,NA,NA,NA,NA,NA,NA,NA
"73","Comarum",NA,NA,NA,113,NA,NA,72,135,170,10261,761,1206,2295,2475,NA,NA,NA,NA,NA,NA,1042,NA,NA,61,232,1853,100,73,356,NA,NA,NA,NA,NA,356,NA,61,NA,181,57,194,166,NA,NA,NA
"74","Coriaria",NA,NA,NA,NA,NA,NA,NA,NA,NA,NA,NA,NA,NA,NA,NA,NA,NA,NA,NA,NA,NA,NA,NA,NA,NA,NA,NA,NA,53,NA,NA,NA,NA,NA,NA,NA,NA,NA,NA,NA,NA,NA,NA,NA,NA
"75","Corylus",NA,NA,NA,NA,113,774,1680,14903,2434,798,2068,3172,2552,2107,868,NA,NA,NA,327,2113,5700,353,144,428,2022,4032,81,NA,NA,NA,58,128,639,767,1326,8255,4902,2207,4537,12311,180,342,NA,NA,NA
"76","Crambe",NA,NA,NA,NA,NA,NA,NA,NA,NA,NA,NA,NA,239,279,NA,NA,NA,NA,NA,NA,NA,NA,NA,NA,113,72,NA,NA,NA,NA,NA,NA,NA,NA,NA,NA,NA,NA,NA,NA,NA,NA,NA,NA,NA
"77","Crataegus",NA,NA,NA,NA,NA,NA,NA,95,NA,NA,NA,NA,NA,NA,NA,NA,NA,NA,NA,NA,85,NA,NA,NA,NA,NA,NA,73,NA,NA,NA,NA,NA,NA,NA,NA,NA,NA,NA,NA,NA,NA,NA,NA,NA
"78","Cryptogramma",NA,NA,NA,NA,NA,NA,NA,NA,NA,NA,775,NA,NA,NA,NA,NA,NA,NA,NA,NA,165,NA,NA,NA,104,NA,NA,NA,NA,NA,NA,NA,NA,NA,NA,NA,NA,NA,NA,NA,NA,NA,NA,NA,NA
"79","Cryptomeria",NA,119,NA,107,178,NA,NA,95,102,147,166,395,77,268,NA,128,99,NA,NA,93,236,124,89,NA,168,247,NA,371,74,97,80,101,122,113,138,86,68,54,62,55,84,192,NA,119,NA
"80","Cucumis",NA,NA,NA,NA,NA,NA,NA,NA,NA,NA,NA,57,NA,NA,NA,NA,NA,NA,NA,NA,NA,NA,NA,NA,NA,57,NA,51,NA,NA,NA,NA,NA,NA,NA,NA,91,NA,NA,NA,NA,NA,NA,NA,NA
"81","Cymbalaria",NA,NA,NA,NA,NA,NA,NA,NA,NA,NA,NA,NA,NA,59,NA,NA,NA,NA,NA,NA,NA,NA,NA,NA,NA,NA,NA,NA,NA,NA,NA,NA,NA,NA,NA,NA,NA,NA,NA,NA,NA,NA,NA,NA,NA
"82","Cymbomonas",NA,NA,NA,NA,NA,NA,NA,NA,NA,NA,NA,281,NA,NA,NA,NA,NA,NA,NA,NA,98,NA,57,NA,102,NA,NA,NA,NA,NA,NA,NA,NA,NA,NA,NA,NA,NA,NA,140,NA,82,NA,NA,NA
"83","Cynoglossum",NA,NA,NA,NA,NA,NA,NA,NA,NA,173,378,375,NA,NA,NA,81,NA,NA,NA,NA,633,57,NA,NA,NA,NA,NA,NA,NA,NA,NA,NA,NA,NA,NA,NA,NA,NA,NA,76,NA,NA,NA,NA,NA
"84","Cyperus",NA,NA,NA,NA,NA,NA,NA,NA,NA,NA,NA,NA,NA,NA,415,NA,NA,NA,NA,NA,NA,NA,NA,NA,NA,NA,NA,NA,NA,NA,NA,NA,NA,NA,NA,NA,NA,NA,NA,NA,NA,NA,NA,NA,NA
"85","Cystopteris",NA,NA,NA,NA,NA,NA,73,NA,67,62,2159,116,71,81,NA,NA,NA,NA,NA,NA,637,NA,100,NA,250,73,66,125,108,NA,NA,NA,56,NA,NA,102,NA,NA,NA,111,NA,81,195,NA,NA
"86","Dactylis",NA,NA,NA,NA,NA,NA,NA,NA,NA,NA,53,52,NA,NA,NA,NA,NA,NA,NA,NA,NA,NA,NA,NA,NA,NA,NA,NA,NA,NA,NA,NA,NA,NA,NA,NA,NA,NA,NA,NA,NA,NA,NA,NA,NA
"87","Dactylorhiza",NA,NA,NA,NA,NA,NA,NA,NA,NA,NA,NA,NA,NA,NA,NA,NA,NA,NA,NA,NA,85,NA,NA,NA,NA,NA,NA,NA,NA,NA,NA,NA,NA,NA,NA,NA,NA,NA,NA,NA,NA,NA,NA,NA,NA
"88","Danthonia",NA,NA,NA,NA,NA,688,66,NA,NA,NA,NA,100,NA,NA,NA,NA,NA,NA,NA,NA,146,NA,NA,NA,NA,NA,NA,NA,NA,NA,NA,NA,NA,NA,NA,NA,NA,NA,NA,NA,NA,NA,NA,NA,NA
"89","Dendrobium",NA,NA,NA,NA,NA,NA,NA,NA,NA,NA,NA,NA,NA,NA,NA,NA,NA,NA,NA,NA,NA,NA,NA,NA,NA,50,NA,NA,NA,NA,NA,NA,NA,NA,NA,NA,NA,NA,NA,NA,NA,NA,NA,NA,NA
"90","Dicentra",NA,NA,NA,NA,NA,NA,NA,NA,NA,NA,NA,52,NA,NA,NA,NA,NA,NA,NA,NA,NA,NA,NA,NA,NA,NA,NA,NA,NA,NA,NA,NA,NA,NA,NA,NA,NA,NA,NA,NA,NA,NA,NA,NA,NA
"91","Diphasiastrum",NA,NA,NA,NA,NA,NA,NA,NA,NA,NA,NA,NA,NA,NA,NA,NA,NA,NA,NA,NA,NA,NA,NA,NA,NA,NA,NA,NA,NA,NA,NA,NA,NA,NA,NA,NA,NA,NA,65,NA,NA,152,NA,NA,NA
"92","Diplazium",NA,NA,NA,NA,NA,NA,NA,NA,NA,NA,916,55,NA,NA,NA,NA,NA,NA,NA,NA,171,NA,NA,NA,108,NA,NA,53,NA,NA,NA,NA,NA,NA,NA,NA,NA,NA,NA,84,NA,NA,141,NA,NA
"93","Draba",NA,NA,NA,NA,NA,NA,NA,NA,NA,NA,NA,55,NA,NA,NA,NA,NA,NA,NA,NA,NA,NA,NA,NA,158,NA,NA,53,90,NA,NA,NA,NA,NA,NA,NA,NA,NA,NA,NA,NA,NA,NA,NA,NA
"94","Drosera",NA,NA,NA,NA,NA,NA,NA,NA,NA,NA,NA,NA,NA,NA,NA,NA,NA,NA,NA,NA,NA,NA,NA,NA,NA,NA,NA,NA,NA,NA,NA,NA,64,NA,NA,NA,NA,NA,NA,NA,NA,NA,NA,NA,NA
"95","Dryas",NA,NA,NA,NA,91,NA,NA,NA,52,83,85,226,NA,129,NA,103,NA,NA,NA,NA,64,62,NA,NA,68,85,51,250,303,NA,NA,NA,NA,NA,NA,NA,105,NA,57,NA,NA,133,121,1019,NA
"96","Dryopteris",NA,NA,NA,NA,NA,NA,91,1100,1378,3098,2719,8256,2267,6268,156,NA,NA,NA,931,1183,8273,1115,2022,195,8514,2783,1368,8596,3142,NA,NA,NA,127,2037,2409,3472,1252,101,627,15987,3176,3205,20738,NA,NA
"97","Dunaliella",NA,NA,NA,NA,NA,NA,NA,NA,NA,NA,NA,NA,NA,NA,52,NA,NA,NA,NA,NA,NA,NA,NA,NA,NA,NA,NA,NA,NA,NA,NA,NA,NA,NA,NA,NA,NA,NA,NA,NA,NA,NA,NA,NA,NA
"98","Durio",NA,NA,NA,NA,NA,76,NA,66,NA,65,77,79,NA,NA,NA,NA,NA,NA,NA,NA,NA,NA,NA,NA,NA,NA,NA,NA,NA,NA,NA,NA,NA,NA,NA,NA,NA,NA,NA,NA,NA,NA,NA,NA,NA
"99","Elatine",NA,68,NA,NA,NA,NA,NA,NA,NA,NA,NA,NA,NA,NA,NA,NA,59,NA,NA,NA,NA,NA,NA,NA,NA,NA,NA,NA,NA,50,NA,NA,51,NA,61,NA,58,NA,NA,NA,NA,NA,NA,123,NA
"100","Eleocharis",NA,NA,NA,NA,NA,NA,NA,NA,NA,NA,NA,152,NA,101,NA,NA,NA,NA,NA,NA,128,NA,NA,NA,NA,105,NA,82,102,NA,NA,NA,282,NA,NA,NA,NA,NA,NA,NA,NA,54,NA,NA,NA
"101","Elliptochloris",NA,NA,NA,NA,NA,NA,NA,NA,NA,NA,NA,NA,NA,NA,NA,NA,NA,NA,NA,NA,143,NA,NA,NA,NA,NA,NA,NA,NA,NA,NA,NA,NA,NA,NA,NA,NA,NA,NA,NA,NA,NA,NA,NA,NA
"102","Elymus",NA,NA,NA,NA,NA,NA,NA,58,NA,NA,172,579,114,160,NA,NA,NA,NA,NA,NA,158,NA,55,NA,NA,92,NA,294,151,NA,NA,NA,NA,NA,NA,NA,NA,NA,57,51,NA,NA,NA,NA,NA
"103","Empetrum",NA,NA,52,NA,NA,318,NA,NA,NA,NA,106,NA,NA,NA,NA,85,NA,102,NA,611,101,NA,211,572,NA,NA,155,NA,NA,NA,NA,NA,332,NA,NA,NA,NA,113,135,352,NA,429,NA,NA,NA
"104","Epilobium",NA,NA,NA,NA,NA,NA,NA,NA,NA,NA,NA,NA,NA,99,NA,NA,NA,NA,NA,NA,NA,NA,NA,NA,NA,NA,NA,NA,NA,NA,NA,NA,NA,NA,NA,NA,NA,NA,NA,NA,NA,NA,NA,NA,NA
"105","Equisetum",NA,NA,NA,62,66,60,57,77,170,547,1746,716,285,215,NA,69,NA,187,NA,99,357,80,NA,NA,128,810,NA,377,342,NA,NA,NA,4246,87,NA,141,90,223,265,89,99,242,77,NA,NA
"106","Erica",NA,70,65,101,646,1433,594,814,541,445,12161,173,NA,NA,NA,NA,NA,190,59,NA,4348,NA,NA,NA,NA,NA,NA,NA,NA,NA,NA,NA,219,58,310,205,NA,NA,NA,NA,NA,NA,NA,NA,NA
"107","Eriophorum",NA,NA,51,57,79,350,132,NA,NA,133,709,218,129,207,NA,NA,NA,NA,NA,NA,422,NA,NA,NA,110,666,NA,NA,87,NA,NA,NA,NA,NA,NA,NA,NA,NA,NA,NA,NA,51,NA,NA,NA
"108","Euphrasia",NA,NA,NA,NA,NA,NA,NA,592,NA,NA,66,1311,170,103,NA,NA,NA,NA,52,NA,420,NA,NA,NA,559,91,NA,NA,58,NA,NA,NA,NA,NA,NA,NA,NA,NA,NA,NA,NA,NA,NA,NA,NA
"109","Fagus",NA,NA,NA,NA,59,NA,NA,NA,NA,NA,NA,NA,NA,NA,71,NA,NA,NA,NA,NA,NA,NA,NA,NA,NA,NA,NA,NA,NA,NA,NA,NA,NA,NA,NA,NA,NA,NA,NA,NA,NA,NA,NA,NA,NA
"110","Festuca",NA,NA,94,150,NA,128,334,306,297,258,1543,1892,247,356,NA,NA,NA,NA,NA,84,1130,140,227,60,124,643,53,462,451,NA,NA,NA,52,NA,NA,90,75,NA,NA,NA,NA,82,313,NA,78
"111","Filipendula",NA,NA,NA,NA,89,155,219,829,3347,11054,425854,12867,6772,26865,NA,NA,NA,129,178,506,37336,1631,159,858,5178,12652,507,154,122,NA,83,296,130,76,519,1727,2354,620,2250,3082,660,6591,2542,NA,145
"112","Fragaria",NA,NA,NA,NA,NA,NA,NA,NA,NA,NA,NA,NA,NA,NA,NA,NA,NA,NA,NA,NA,53,NA,NA,NA,NA,NA,NA,NA,NA,NA,NA,NA,NA,NA,NA,NA,NA,NA,NA,NA,NA,NA,NA,NA,NA
"113","Galium",NA,76,NA,NA,NA,NA,NA,56,NA,NA,74,86,NA,56,NA,NA,NA,NA,NA,NA,91,NA,NA,NA,NA,NA,NA,NA,93,NA,NA,NA,NA,NA,65,NA,NA,NA,NA,NA,NA,NA,NA,NA,NA
"114","Geum",NA,NA,NA,NA,NA,NA,NA,NA,280,118,800,247,646,295,1053,NA,NA,NA,52,NA,1243,NA,NA,NA,63,221,NA,64,115,NA,NA,NA,NA,NA,NA,81,53,NA,88,53,NA,89,NA,NA,NA
"115","Goodyera",NA,NA,NA,NA,NA,NA,NA,NA,NA,NA,NA,NA,NA,NA,NA,NA,NA,NA,NA,NA,NA,NA,NA,NA,NA,NA,NA,NA,70,NA,NA,NA,NA,NA,NA,NA,NA,NA,NA,NA,NA,50,NA,NA,NA
"116","Gossypium",NA,NA,NA,NA,NA,NA,NA,NA,NA,NA,71,NA,NA,NA,66,NA,NA,NA,NA,NA,77,56,NA,NA,NA,NA,NA,166,NA,NA,NA,NA,NA,NA,NA,NA,NA,NA,NA,NA,NA,NA,NA,NA,NA
"117","Gymnocarpium",NA,NA,NA,NA,NA,NA,NA,NA,NA,NA,927,NA,NA,181,NA,NA,NA,NA,NA,NA,184,NA,293,NA,95,NA,NA,NA,NA,NA,NA,NA,NA,NA,NA,NA,NA,NA,NA,NA,NA,NA,1182,NA,NA
"118","Hammarbya",NA,NA,NA,NA,NA,NA,NA,NA,NA,NA,NA,NA,NA,NA,NA,NA,NA,NA,NA,NA,NA,NA,NA,NA,NA,NA,NA,66,90,NA,NA,NA,NA,NA,NA,NA,NA,NA,NA,NA,NA,NA,NA,NA,NA
"119","Hedera",NA,NA,NA,NA,NA,NA,NA,NA,NA,NA,NA,80,NA,NA,108,NA,NA,NA,NA,NA,64,NA,NA,NA,NA,56,NA,76,72,NA,NA,NA,NA,NA,NA,239,NA,NA,NA,524,NA,NA,NA,NA,NA
"120","Hedlundia",NA,NA,NA,NA,NA,NA,NA,1209,NA,248,327,NA,NA,NA,NA,NA,NA,NA,NA,NA,1068,NA,NA,NA,NA,NA,NA,NA,NA,NA,NA,NA,NA,NA,NA,79,86,NA,NA,NA,NA,NA,NA,NA,NA
"121","Helianthus",NA,NA,NA,NA,NA,NA,NA,NA,NA,NA,NA,95,NA,85,NA,NA,NA,NA,NA,NA,68,NA,NA,NA,NA,62,NA,79,51,NA,NA,NA,NA,NA,NA,NA,NA,NA,NA,NA,NA,NA,NA,NA,NA
"122","Helictochloa",NA,NA,NA,NA,NA,NA,NA,NA,NA,NA,59,68,NA,NA,NA,NA,NA,NA,NA,NA,NA,NA,NA,NA,NA,NA,NA,NA,NA,NA,NA,NA,NA,NA,NA,NA,NA,NA,NA,NA,NA,NA,NA,NA,NA
"123","Hevea",NA,NA,NA,NA,NA,NA,NA,NA,NA,NA,NA,82,NA,NA,NA,NA,NA,NA,NA,NA,NA,NA,NA,NA,NA,NA,NA,50,NA,NA,NA,NA,NA,NA,NA,NA,NA,NA,NA,NA,NA,NA,NA,NA,NA
"124","Hibiscus",NA,NA,74,NA,NA,NA,NA,NA,NA,NA,NA,142,NA,102,NA,NA,62,NA,NA,NA,89,NA,NA,NA,70,101,NA,126,84,51,NA,NA,NA,NA,NA,NA,NA,NA,NA,NA,NA,75,NA,51,NA
"125","Hippuris",NA,87,162,65,64,76,76,58,NA,NA,69,76,65,NA,NA,NA,111,194,52,103,72,NA,NA,NA,NA,63,NA,NA,100,83,NA,60,100,157,165,64,112,NA,NA,98,93,71,NA,51,NA
"126","Honckenya",NA,NA,NA,NA,NA,NA,NA,NA,671,77,173,320,160,115,NA,NA,NA,NA,NA,NA,230,57,NA,NA,157,3980,NA,187,503,NA,NA,NA,NA,NA,NA,NA,NA,NA,NA,98,53,65,86,NA,NA
"127","Hordelymus",NA,NA,NA,NA,NA,NA,NA,NA,NA,NA,NA,NA,NA,NA,NA,NA,NA,NA,NA,NA,NA,NA,NA,NA,NA,NA,NA,53,51,NA,NA,NA,NA,NA,NA,NA,NA,NA,NA,NA,NA,NA,NA,NA,NA
"128","Hordeum",NA,NA,NA,NA,NA,NA,NA,NA,NA,NA,NA,95,NA,NA,NA,NA,NA,NA,NA,NA,NA,NA,NA,64,NA,NA,NA,79,89,NA,NA,NA,NA,NA,NA,NA,NA,NA,NA,NA,NA,NA,NA,NA,NA
"129","Hydrocotyle",NA,NA,NA,NA,NA,NA,NA,NA,NA,NA,NA,NA,NA,NA,NA,NA,NA,NA,NA,NA,741,54,NA,NA,NA,NA,NA,NA,NA,NA,NA,NA,NA,NA,NA,NA,NA,NA,NA,NA,NA,NA,NA,NA,NA
"130","Impatiens",NA,NA,NA,NA,NA,NA,NA,NA,NA,NA,NA,79,NA,53,51,NA,NA,NA,NA,NA,50,NA,NA,NA,NA,64,NA,56,91,NA,NA,NA,NA,NA,NA,NA,NA,NA,NA,NA,NA,NA,NA,NA,NA
"131","Ipomoea",NA,NA,NA,NA,NA,NA,NA,NA,NA,NA,NA,86,NA,64,NA,NA,NA,NA,NA,NA,NA,NA,NA,NA,NA,65,NA,91,68,NA,NA,NA,NA,NA,NA,NA,NA,NA,NA,NA,NA,NA,NA,NA,NA
"132","Isoetes",NA,NA,NA,NA,NA,NA,NA,NA,NA,NA,NA,NA,NA,NA,NA,NA,NA,NA,NA,NA,52,NA,NA,NA,NA,NA,NA,NA,NA,NA,NA,NA,NA,NA,NA,NA,NA,NA,NA,NA,NA,NA,NA,NA,NA
"133","Isothecium",NA,NA,NA,NA,NA,NA,NA,NA,NA,NA,NA,NA,NA,NA,NA,NA,NA,NA,NA,NA,NA,NA,NA,NA,NA,NA,NA,NA,50,NA,NA,NA,NA,NA,NA,NA,NA,NA,NA,NA,NA,NA,NA,NA,NA
"134","Jasminum",NA,NA,NA,NA,NA,NA,NA,NA,NA,NA,NA,NA,NA,NA,60,NA,NA,NA,NA,NA,NA,NA,NA,NA,NA,NA,NA,NA,NA,NA,NA,NA,NA,NA,NA,NA,NA,NA,NA,NA,NA,NA,NA,NA,NA
"135","Juglans",NA,NA,NA,NA,NA,NA,NA,NA,NA,NA,NA,79,NA,NA,NA,NA,NA,NA,NA,NA,NA,NA,NA,NA,NA,NA,NA,50,NA,NA,NA,NA,NA,NA,NA,NA,NA,NA,NA,NA,NA,NA,NA,NA,NA
"136","Juncus",NA,NA,NA,99,NA,413,167,NA,NA,NA,79,179,NA,NA,NA,NA,NA,NA,NA,NA,86,NA,NA,NA,65,58,NA,66,88,NA,NA,NA,NA,NA,59,68,54,NA,75,NA,NA,73,349,NA,NA
"137","Juniperus",NA,NA,NA,NA,NA,NA,NA,NA,NA,NA,NA,80,NA,NA,NA,NA,NA,NA,NA,NA,55,NA,NA,NA,NA,NA,NA,NA,NA,NA,NA,NA,NA,NA,NA,NA,NA,NA,NA,NA,NA,NA,NA,NA,NA
"138","Kalmia",NA,NA,NA,NA,NA,50,NA,NA,NA,68,275,NA,NA,NA,NA,NA,NA,NA,NA,NA,310,NA,NA,NA,NA,NA,NA,NA,NA,NA,NA,NA,NA,NA,NA,NA,NA,NA,NA,NA,NA,NA,NA,NA,NA
"139","Lactuca",NA,NA,NA,NA,56,NA,NA,NA,NA,NA,NA,96,NA,66,NA,NA,NA,NA,NA,NA,56,NA,NA,NA,NA,58,NA,87,NA,NA,NA,NA,NA,NA,NA,NA,NA,NA,NA,NA,NA,50,NA,NA,NA
"140","Lathyrus",NA,NA,NA,NA,65,53,62,966,784,2198,21086,3503,1231,163,NA,NA,NA,NA,NA,292,13545,150,168,86,437,300,NA,357,151,NA,52,NA,78,810,339,839,800,2228,1117,3095,NA,NA,NA,NA,NA
"141","Lemna",NA,NA,NA,NA,NA,NA,NA,NA,NA,NA,NA,60,NA,NA,NA,NA,NA,NA,NA,NA,NA,NA,NA,NA,NA,NA,NA,NA,95,NA,NA,NA,NA,NA,NA,NA,NA,NA,NA,NA,NA,NA,51,89,NA
"142","Leymus",NA,NA,NA,NA,NA,NA,NA,NA,NA,NA,NA,123,84,114,NA,NA,NA,NA,NA,NA,80,NA,NA,NA,71,259,NA,337,223,NA,NA,NA,NA,NA,NA,NA,NA,NA,NA,50,NA,NA,NA,NA,NA
"143","Ligusticum",NA,NA,NA,NA,NA,NA,NA,NA,NA,NA,NA,NA,NA,230,NA,1050,NA,NA,NA,NA,NA,NA,NA,NA,NA,NA,NA,NA,NA,NA,NA,NA,NA,NA,NA,NA,NA,NA,NA,67,NA,NA,NA,NA,NA
"144","Lolium",NA,NA,NA,NA,NA,52,50,NA,NA,64,154,259,NA,85,59,NA,NA,NA,NA,NA,123,NA,NA,NA,64,95,NA,98,63,NA,NA,NA,58,NA,NA,NA,NA,NA,NA,NA,NA,NA,NA,NA,NA
"145","Lotus",NA,139,74,54,NA,NA,65,88,NA,74,55,136,53,76,NA,NA,NA,66,NA,NA,80,120,NA,NA,NA,NA,NA,NA,NA,NA,NA,NA,NA,NA,51,68,NA,NA,NA,84,NA,NA,NA,NA,NA
"146","Lupinus",NA,NA,NA,NA,NA,NA,NA,NA,NA,NA,NA,NA,NA,NA,NA,NA,NA,NA,NA,NA,NA,NA,NA,NA,NA,NA,NA,72,74,NA,NA,NA,NA,NA,NA,NA,NA,NA,NA,NA,NA,NA,NA,NA,NA
"147","Luzula",NA,NA,NA,356,NA,NA,NA,NA,NA,NA,55,107,NA,84,53,NA,NA,NA,NA,NA,71,NA,NA,NA,NA,78,NA,114,106,NA,NA,NA,NA,NA,NA,66,60,NA,NA,NA,NA,65,NA,NA,NA
"148","Lycium",NA,NA,NA,NA,NA,NA,NA,NA,NA,NA,NA,75,NA,NA,NA,NA,NA,NA,NA,NA,NA,NA,NA,NA,NA,52,NA,58,NA,NA,NA,NA,NA,NA,NA,NA,NA,NA,NA,NA,NA,NA,NA,NA,NA
"149","Lycopus",NA,NA,NA,NA,NA,NA,NA,NA,NA,NA,NA,NA,NA,NA,NA,NA,NA,NA,NA,NA,NA,NA,NA,NA,NA,NA,NA,NA,NA,NA,NA,NA,NA,NA,NA,NA,NA,NA,NA,NA,NA,82,NA,NA,NA
"150","Lysimachia",NA,NA,NA,NA,NA,NA,NA,NA,NA,99,54,224,75,NA,NA,NA,NA,NA,NA,NA,212,NA,NA,NA,151,166,NA,NA,61,NA,NA,NA,72,NA,NA,NA,NA,NA,NA,NA,NA,NA,65,NA,NA
"151","Macadamia",NA,NA,NA,NA,NA,NA,NA,NA,NA,NA,NA,50,NA,NA,NA,NA,NA,NA,NA,NA,NA,NA,NA,NA,NA,NA,NA,53,NA,NA,NA,NA,NA,NA,NA,NA,NA,NA,NA,NA,NA,NA,NA,NA,NA
"152","Magnolia",NA,NA,NA,NA,NA,NA,NA,NA,NA,NA,NA,115,NA,68,NA,NA,NA,NA,NA,NA,NA,NA,NA,NA,NA,56,NA,89,NA,NA,NA,NA,NA,NA,NA,NA,NA,NA,NA,NA,NA,NA,NA,NA,NA
"153","Malania",NA,NA,NA,NA,NA,NA,NA,NA,NA,NA,69,113,NA,96,NA,NA,NA,NA,NA,NA,59,NA,NA,NA,NA,64,NA,91,NA,NA,NA,NA,NA,NA,NA,NA,NA,NA,NA,NA,NA,NA,NA,NA,NA
"154","Malus",NA,NA,NA,NA,NA,NA,NA,541,54,345,793,3750,NA,NA,79,NA,NA,NA,NA,176,3016,228,652,NA,NA,NA,NA,70,60,NA,NA,NA,NA,NA,NA,326,244,167,409,429,NA,NA,NA,NA,NA
"155","Matricaria",NA,NA,NA,NA,NA,NA,NA,NA,NA,NA,NA,NA,NA,NA,NA,139,NA,NA,NA,NA,NA,NA,NA,NA,NA,NA,NA,NA,NA,NA,NA,NA,NA,NA,NA,NA,NA,NA,NA,NA,NA,NA,NA,NA,NA
"156","Matteuccia",NA,NA,NA,NA,NA,NA,NA,NA,NA,NA,141,NA,NA,NA,NA,NA,NA,NA,NA,NA,NA,NA,NA,NA,NA,NA,NA,NA,NA,NA,NA,NA,NA,NA,NA,NA,NA,NA,NA,NA,NA,NA,NA,NA,NA
"157","Medicago",NA,NA,NA,NA,NA,NA,NA,NA,NA,NA,NA,NA,NA,NA,249,NA,NA,53,NA,NA,NA,NA,NA,NA,NA,NA,NA,70,54,NA,NA,NA,NA,NA,NA,NA,NA,NA,NA,NA,NA,NA,NA,NA,NA
"158","Melampyrum",NA,NA,NA,NA,NA,NA,NA,NA,NA,NA,314,92,NA,NA,NA,NA,NA,NA,NA,NA,627,NA,NA,NA,NA,NA,NA,NA,NA,NA,NA,NA,NA,NA,NA,NA,NA,NA,NA,NA,NA,NA,NA,NA,NA
"159","Menyanthes",NA,NA,NA,NA,NA,NA,NA,NA,68,166,204,88,NA,2566,NA,NA,NA,NA,NA,NA,29731,NA,NA,NA,231,59,NA,NA,NA,NA,NA,NA,NA,NA,NA,NA,80,NA,120,132,NA,NA,NA,NA,NA
"160","Mertensia",NA,NA,NA,NA,NA,NA,NA,NA,247,NA,72,NA,NA,50,NA,NA,NA,NA,NA,NA,NA,NA,NA,NA,NA,NA,NA,NA,143,NA,NA,NA,NA,NA,NA,NA,NA,NA,NA,NA,NA,NA,NA,NA,NA
"161","Micromonas",NA,404,161,184,202,598,403,262,325,749,1057,2317,831,3541,6237,1827,119,102,117,376,1112,865,527,198,2356,6192,690,7658,3794,NA,52,149,257,203,278,421,247,119,255,520,1949,9177,4298,812,NA
"162","Molinia",NA,NA,NA,NA,NA,NA,NA,69,NA,NA,NA,NA,NA,NA,NA,NA,NA,NA,NA,NA,NA,NA,NA,NA,NA,NA,NA,NA,NA,NA,NA,NA,NA,NA,NA,NA,NA,NA,NA,NA,NA,NA,NA,NA,NA
"163","Myosotis",NA,70,52,NA,NA,NA,NA,NA,NA,55,166,177,171,205,NA,NA,63,NA,NA,NA,178,NA,NA,NA,93,92,NA,76,188,NA,NA,NA,NA,NA,66,NA,NA,NA,NA,NA,NA,71,NA,NA,NA
"164","Myriophyllum",NA,52,50,158,69,623,654,175,84,5457,39071,2610,2300,5577,64,743,52,52,181,NA,669808,3529,204,209,2196,6478,1486,3606,5509,NA,59,85,243,NA,72,488,63,51,61,3753,82,242,761,54,NA
"165","Neottia",NA,NA,NA,NA,NA,NA,NA,NA,NA,NA,NA,NA,NA,NA,NA,NA,NA,NA,NA,NA,NA,NA,NA,NA,NA,NA,NA,NA,50,NA,NA,NA,NA,NA,NA,NA,NA,NA,NA,NA,NA,NA,NA,NA,NA
"166","Nicotiana",NA,NA,NA,NA,64,NA,NA,NA,NA,NA,60,145,NA,86,NA,NA,NA,91,NA,172,85,55,NA,NA,54,94,NA,122,NA,NA,NA,NA,NA,NA,187,NA,95,NA,NA,NA,NA,70,NA,NA,NA
"167","Nymphaea",NA,NA,NA,NA,NA,225,NA,NA,NA,NA,NA,1280,NA,82,NA,NA,NA,NA,NA,NA,203,NA,NA,NA,NA,NA,NA,NA,NA,NA,NA,NA,NA,NA,NA,NA,NA,NA,NA,NA,NA,NA,NA,NA,NA
"168","Oreojuncus",NA,NA,NA,NA,NA,NA,NA,NA,NA,NA,NA,55,NA,NA,NA,NA,NA,NA,NA,NA,NA,NA,NA,NA,NA,NA,NA,NA,NA,NA,NA,NA,NA,NA,NA,NA,NA,NA,NA,NA,NA,NA,NA,NA,NA
"169","Oreopteris",NA,NA,NA,NA,NA,NA,NA,NA,NA,NA,136,NA,NA,NA,NA,NA,NA,NA,NA,NA,NA,NA,NA,NA,NA,NA,NA,NA,NA,NA,NA,NA,NA,NA,NA,NA,NA,NA,NA,NA,NA,NA,NA,NA,NA
"170","Ostreobium",NA,NA,NA,NA,NA,NA,NA,NA,NA,NA,NA,NA,NA,NA,69,NA,NA,NA,NA,NA,NA,NA,NA,NA,NA,NA,NA,NA,NA,NA,NA,NA,NA,NA,NA,NA,NA,NA,NA,NA,NA,NA,NA,NA,NA
"171","Ostreococcus",NA,NA,NA,75,NA,NA,NA,NA,NA,NA,54,87,NA,NA,NA,NA,NA,NA,NA,NA,NA,NA,NA,NA,NA,NA,NA,NA,NA,NA,NA,NA,NA,NA,74,57,NA,NA,NA,NA,NA,NA,NA,NA,NA
"172","Papaver",NA,NA,NA,NA,NA,NA,NA,NA,NA,NA,NA,NA,NA,NA,NA,NA,NA,NA,NA,NA,58,NA,NA,NA,NA,NA,NA,NA,NA,NA,NA,NA,NA,NA,NA,NA,NA,NA,NA,NA,NA,NA,NA,NA,NA
"173","Pedicularis",NA,NA,NA,NA,NA,NA,NA,NA,NA,NA,NA,106,NA,NA,NA,NA,NA,NA,NA,NA,105,NA,NA,NA,NA,NA,NA,NA,69,NA,NA,NA,NA,NA,NA,NA,NA,NA,NA,NA,NA,NA,NA,NA,NA
"174","Persicaria",NA,NA,NA,NA,NA,NA,NA,NA,NA,NA,NA,NA,NA,NA,NA,NA,NA,NA,NA,NA,NA,NA,NA,NA,NA,NA,NA,NA,NA,NA,NA,NA,NA,NA,197,NA,NA,NA,NA,NA,NA,NA,NA,NA,NA
"175","Petasites",NA,NA,NA,NA,NA,NA,NA,NA,NA,NA,NA,65,NA,NA,NA,NA,NA,NA,NA,NA,NA,NA,NA,NA,NA,NA,NA,NA,NA,NA,NA,NA,NA,NA,NA,NA,NA,NA,NA,NA,NA,NA,NA,NA,NA
"176","Phalaenopsis",NA,NA,NA,NA,NA,NA,NA,NA,NA,NA,NA,NA,NA,NA,NA,NA,NA,NA,NA,NA,NA,NA,NA,NA,NA,NA,NA,50,NA,NA,NA,NA,NA,NA,NA,NA,NA,NA,NA,NA,NA,NA,NA,NA,NA
"177","Phalaris",NA,NA,NA,NA,NA,NA,NA,NA,NA,242,88,923,NA,204,NA,NA,NA,NA,NA,NA,NA,NA,NA,NA,NA,NA,NA,NA,NA,NA,NA,NA,NA,NA,51,67,59,NA,219,74,NA,NA,NA,NA,NA
"178","Phegopteris",NA,NA,NA,NA,NA,NA,120,NA,76,NA,3533,52,65,NA,NA,NA,NA,NA,NA,NA,548,801,97,NA,108,NA,73,NA,NA,NA,NA,NA,76,NA,NA,89,NA,NA,NA,54,NA,62,85,NA,NA
"179","Phragmites",NA,NA,NA,189,NA,396,4835,6171,58122,4083,6073,5046,5671,2261,NA,NA,NA,58,52,258,214,875,118,251,1477,549,NA,56,112,NA,NA,54,NA,126,764,1074,1996,681,1948,2194,97,91,493,NA,70
"180","Phyllodoce",NA,NA,NA,NA,NA,NA,NA,NA,NA,NA,75,NA,NA,NA,NA,NA,NA,NA,NA,NA,78,NA,NA,NA,NA,NA,NA,NA,NA,NA,NA,NA,NA,NA,NA,NA,NA,NA,NA,NA,NA,NA,NA,NA,NA
"181","Picochlorum",NA,NA,NA,NA,NA,NA,NA,NA,NA,NA,NA,65,NA,NA,NA,NA,NA,NA,NA,NA,NA,NA,NA,NA,NA,NA,NA,NA,NA,NA,NA,NA,NA,NA,NA,NA,NA,NA,NA,NA,NA,NA,NA,NA,NA
"182","Pinguicula",NA,NA,NA,NA,NA,NA,NA,NA,NA,NA,NA,NA,NA,NA,NA,NA,NA,NA,NA,NA,140,NA,NA,NA,NA,NA,NA,NA,NA,NA,NA,NA,NA,NA,NA,NA,NA,NA,NA,NA,NA,NA,NA,NA,NA
"183","Pinus",NA,NA,NA,NA,NA,NA,NA,NA,NA,NA,NA,320,NA,NA,430,NA,NA,NA,NA,NA,NA,NA,NA,NA,NA,NA,NA,NA,NA,NA,NA,NA,NA,NA,NA,NA,NA,NA,NA,NA,NA,NA,NA,NA,NA
"184","Pisum",NA,NA,NA,NA,73,58,NA,61,64,78,444,190,69,130,694,NA,NA,NA,NA,NA,296,61,NA,NA,80,90,NA,169,NA,NA,NA,NA,NA,NA,54,NA,NA,61,50,101,NA,60,NA,NA,NA
"185","Plantago",NA,111,144,329,392,438,280,674,1021,505,1511,2983,850,8934,NA,NA,NA,84,192,176,6717,828,203,158,835,1057,87,376,1461,NA,NA,NA,NA,NA,NA,264,138,55,94,121,NA,207,NA,NA,NA
"186","Platanthera",NA,NA,NA,NA,NA,NA,NA,NA,NA,NA,NA,NA,NA,NA,NA,NA,NA,NA,NA,NA,NA,NA,NA,NA,NA,NA,NA,NA,62,NA,NA,NA,NA,NA,NA,NA,NA,NA,NA,NA,NA,NA,NA,NA,NA
"187","Poa",NA,NA,NA,NA,NA,NA,52,NA,NA,73,324,252,NA,149,NA,NA,NA,NA,NA,NA,769,NA,NA,NA,NA,107,NA,68,147,NA,NA,NA,NA,NA,NA,NA,NA,NA,NA,66,NA,NA,NA,348,NA
"188","Polygonum",NA,NA,NA,190,NA,108,NA,NA,NA,NA,NA,NA,NA,NA,NA,NA,NA,NA,NA,NA,NA,NA,NA,NA,NA,NA,NA,NA,NA,NA,NA,NA,NA,NA,NA,NA,NA,NA,NA,NA,NA,NA,NA,NA,NA
"189","Polypodium",NA,NA,NA,NA,NA,81,NA,176,272,1187,8648,14386,11941,1419,NA,NA,NA,NA,NA,NA,34616,1728,NA,NA,117117,5487,NA,59,NA,NA,NA,NA,NA,NA,NA,NA,NA,NA,NA,727,101,209,52,NA,NA
"190","Polystichum",NA,NA,NA,NA,NA,NA,NA,NA,58,55,397,197,71,131,NA,NA,NA,NA,NA,NA,303,NA,NA,NA,495,99,NA,144,60,NA,NA,NA,NA,NA,59,86,NA,NA,NA,286,59,59,411,NA,NA
"191","Polytrichum",NA,NA,NA,NA,NA,425,NA,NA,NA,NA,NA,53,NA,NA,NA,NA,NA,NA,NA,NA,66,NA,NA,NA,NA,372,NA,NA,NA,NA,NA,NA,NA,NA,NA,NA,NA,NA,NA,NA,65,NA,124,NA,NA
"192","Populus",NA,NA,NA,NA,NA,NA,NA,54,69,116,253,338,NA,224,2831,101,NA,NA,NA,NA,444,136,54,NA,135,164,NA,186,86,NA,NA,NA,NA,NA,86,141,215,51,142,1191,177,330,1317,NA,NA
"193","Potamogeton",NA,NA,NA,88,73,76,NA,NA,NA,175,1189,121,71,139,NA,NA,NA,NA,56,NA,4915,54,NA,NA,68,57,NA,130,215,64,NA,96,67,NA,NA,NA,NA,NA,NA,NA,NA,NA,NA,52,NA
"194","Potentilla",NA,345,402,327,499,2765,873,1967,725,1534,3304,1097,2997,803,728,51,NA,215,243,257,5018,2091,102,171,2381,3622,84,739,1698,89,113,184,730,319,434,469,3811,132,252,125,115,145,NA,NA,NA
"195","Primula",NA,NA,NA,NA,NA,NA,NA,NA,NA,NA,NA,NA,NA,NA,NA,NA,NA,NA,NA,NA,NA,NA,NA,NA,NA,NA,NA,NA,50,NA,NA,NA,NA,NA,NA,NA,NA,NA,NA,NA,NA,NA,NA,NA,NA
"196","Prunus",NA,NA,NA,NA,NA,NA,NA,NA,NA,NA,NA,60,NA,77,NA,NA,NA,NA,NA,NA,NA,NA,NA,NA,NA,NA,NA,90,59,NA,NA,NA,NA,72,NA,NA,79,102,NA,NA,NA,NA,NA,NA,NA
"197","Pteridium",NA,NA,NA,NA,NA,NA,NA,90,NA,NA,75,NA,NA,NA,NA,NA,NA,NA,NA,NA,74,NA,NA,NA,NA,NA,NA,NA,NA,NA,NA,NA,NA,NA,NA,NA,NA,NA,NA,NA,NA,NA,NA,NA,NA
"198","Puccinellia",NA,NA,NA,NA,52,NA,NA,120,NA,180,193,922,163,105,NA,NA,NA,NA,NA,NA,385,NA,NA,NA,NA,NA,NA,64,96,NA,NA,NA,222,62,NA,NA,85,NA,NA,61,NA,NA,NA,NA,NA
"199","Pulicaria",NA,NA,NA,NA,NA,NA,NA,NA,NA,NA,NA,NA,NA,NA,114,NA,NA,NA,NA,NA,NA,NA,NA,NA,NA,NA,NA,103,83,NA,NA,NA,NA,NA,NA,NA,NA,NA,NA,NA,NA,NA,NA,NA,NA
"200","Pycnococcus",NA,8925,7557,12334,5621,18442,9278,11027,7229,15776,10162,22322,7892,61530,35916,2794,2732,3467,3218,7825,8315,14211,11819,4196,25919,81724,3909,70644,20441,3587,2809,7739,14879,9899,12949,13719,10581,6207,5886,14631,9247,30500,7987,799,NA
"201","Pyrola",NA,NA,NA,58,NA,NA,NA,NA,NA,NA,NA,NA,NA,NA,NA,NA,NA,NA,NA,NA,50,NA,NA,NA,NA,NA,NA,NA,NA,NA,NA,NA,NA,NA,NA,NA,NA,NA,NA,NA,NA,NA,NA,NA,NA
"202","Pyrus",NA,NA,NA,NA,NA,NA,NA,584,NA,133,172,64,NA,NA,NA,NA,NA,NA,NA,NA,534,NA,NA,NA,NA,NA,NA,NA,NA,NA,NA,NA,NA,NA,NA,51,NA,NA,NA,NA,NA,NA,NA,NA,NA
"203","Quercus",NA,NA,NA,78,87,67,NA,60,73,90,269,272,NA,186,9896,69,NA,64,57,NA,111,96,76,NA,111,141,NA,293,281,NA,NA,NA,NA,NA,59,54,64,NA,NA,NA,72,116,NA,NA,NA
"204","Ranunculus",NA,98,70,52,NA,NA,76,194,50,227,442,243,62,205,NA,NA,NA,53,NA,300,1385,NA,NA,NA,NA,279,NA,88,208,114,135,NA,76,NA,NA,66,93,134,61,258,55,136,NA,NA,NA
"205","Rhinanthus",NA,NA,NA,NA,NA,NA,NA,NA,63,94,603,78,64,156,NA,NA,NA,51,NA,NA,772,NA,NA,NA,69,NA,NA,NA,NA,NA,NA,82,NA,NA,NA,NA,NA,NA,NA,NA,NA,NA,NA,NA,NA
"206","Rhodiola",NA,NA,NA,NA,NA,NA,NA,NA,NA,NA,NA,NA,NA,NA,NA,90,NA,NA,NA,NA,1333,NA,NA,NA,NA,82,NA,70,68,NA,NA,NA,NA,NA,NA,NA,NA,NA,NA,NA,NA,NA,NA,NA,NA
"207","Rhododendron",NA,54,59,73,128,220,153,92,76,728,2955,262,78,294,NA,NA,NA,NA,NA,50,2768,104,NA,NA,71,216,NA,84,124,NA,NA,NA,NA,55,NA,NA,211,NA,NA,NA,NA,NA,NA,NA,NA
"208","Rhytidiadelphus",NA,NA,NA,NA,NA,NA,107,NA,NA,NA,NA,NA,NA,NA,NA,NA,NA,NA,NA,NA,NA,NA,NA,NA,NA,NA,NA,NA,65,NA,NA,NA,NA,NA,NA,NA,NA,NA,NA,NA,NA,NA,NA,NA,NA
"209","Ribes",NA,NA,NA,NA,NA,NA,NA,117,NA,NA,NA,60,NA,NA,NA,NA,NA,NA,NA,NA,NA,NA,NA,NA,NA,NA,NA,NA,378,NA,NA,NA,NA,NA,NA,NA,NA,70,75,2352,NA,165,NA,NA,NA
"210","Rosa",NA,NA,NA,NA,NA,NA,NA,NA,NA,NA,66,94,NA,NA,NA,NA,NA,NA,NA,NA,107,NA,NA,NA,NA,NA,NA,76,89,NA,NA,NA,NA,NA,NA,NA,145,NA,NA,121,NA,NA,NA,NA,NA
"211","Rubus",NA,NA,NA,NA,NA,NA,NA,NA,NA,169,814,309,402,63,NA,NA,NA,NA,NA,NA,1811,NA,NA,NA,310,84,NA,51,53,NA,NA,NA,NA,NA,NA,NA,385,NA,116,155,NA,NA,NA,NA,NA
"212","Rumex",NA,93,NA,82,NA,140,NA,82,217,267,1063,792,287,864,NA,NA,NA,NA,NA,119,1326,272,245,NA,258,686,73,888,930,NA,55,NA,156,302,142,401,1910,152,161,156,92,463,NA,NA,NA
"213","Sagina",NA,53,NA,NA,NA,NA,NA,NA,NA,NA,NA,NA,NA,NA,NA,NA,NA,NA,NA,NA,NA,NA,NA,NA,NA,NA,NA,NA,51,NA,NA,NA,NA,NA,NA,NA,NA,NA,NA,NA,NA,NA,NA,NA,NA
"214","Salicornia",NA,NA,NA,NA,NA,NA,NA,NA,NA,NA,131,109,NA,NA,NA,NA,NA,NA,NA,NA,NA,NA,NA,NA,NA,418,NA,NA,NA,NA,NA,NA,NA,NA,NA,NA,NA,NA,NA,NA,NA,NA,NA,NA,NA
"215","Salix",NA,66,64,87,241,225,378,2278,2973,8047,15826,16017,1470,2101,NA,19036,59,108,197,562,32455,3106,1653,313,1649,2842,501,960,2453,56,NA,75,158,322,754,1528,2152,496,1320,2754,507,1757,719,1081,1003
"216","Salvia",NA,NA,NA,NA,NA,NA,NA,NA,NA,NA,52,NA,NA,NA,NA,NA,NA,NA,NA,NA,NA,NA,NA,NA,NA,57,NA,51,NA,NA,NA,NA,NA,NA,NA,NA,NA,NA,NA,NA,NA,NA,NA,NA,NA
"217","Sanguisorba",NA,NA,NA,NA,NA,NA,NA,NA,NA,NA,50,NA,NA,NA,NA,NA,NA,NA,NA,NA,NA,NA,NA,NA,NA,NA,NA,NA,NA,NA,NA,NA,NA,NA,NA,NA,NA,NA,NA,NA,NA,NA,NA,NA,NA
"218","Saxifraga",NA,NA,NA,NA,NA,NA,NA,NA,NA,180,54,73,NA,2668,NA,55,NA,NA,NA,NA,6304,NA,NA,NA,53,102,NA,50,100,NA,NA,NA,NA,NA,NA,NA,NA,NA,75,487,NA,52,NA,NA,670
"219","Schoenus",NA,NA,NA,NA,NA,NA,NA,NA,NA,149,292,57,53,NA,NA,NA,NA,NA,82,NA,404,NA,NA,NA,NA,NA,NA,NA,NA,NA,NA,NA,NA,NA,NA,NA,NA,NA,55,224,NA,NA,NA,NA,NA
"220","Scorzoneroides",NA,NA,NA,NA,144,NA,84,NA,NA,53,144,NA,NA,NA,NA,NA,NA,NA,NA,NA,73,NA,NA,NA,NA,NA,NA,NA,NA,NA,NA,NA,NA,NA,NA,NA,NA,NA,NA,NA,NA,NA,NA,NA,NA
"221","Silene",NA,NA,NA,NA,NA,NA,NA,NA,NA,NA,71,122,174,1890,NA,NA,NA,NA,NA,NA,294,61,NA,NA,50,140,79,118,118,NA,NA,NA,NA,NA,NA,NA,NA,NA,NA,NA,NA,NA,NA,NA,NA
"222","Solanum",NA,64,NA,66,NA,NA,NA,77,NA,68,86,190,50,160,283,NA,NA,NA,NA,59,123,89,107,NA,90,161,NA,340,293,82,NA,77,NA,NA,NA,76,67,1545,111,NA,78,99,NA,NA,NA
"223","Sonchus",NA,NA,NA,NA,NA,NA,NA,NA,NA,NA,NA,NA,51,NA,NA,NA,NA,NA,NA,NA,NA,NA,NA,NA,NA,NA,NA,NA,NA,NA,NA,NA,NA,NA,NA,127,57,NA,NA,NA,NA,78,NA,NA,NA
"224","Sorbus",NA,NA,NA,NA,NA,NA,NA,2246,51,426,566,61,NA,NA,NA,NA,NA,NA,NA,NA,1746,NA,NA,NA,NA,NA,NA,NA,NA,NA,NA,NA,NA,NA,NA,138,180,NA,70,NA,NA,NA,NA,NA,NA
"225","Spergula",NA,NA,NA,NA,NA,NA,NA,NA,NA,NA,NA,NA,NA,NA,NA,NA,NA,63,NA,NA,NA,NA,NA,NA,NA,NA,NA,NA,NA,NA,NA,NA,NA,NA,NA,NA,NA,NA,NA,NA,NA,NA,NA,NA,NA
"226","Spinacia",NA,NA,NA,NA,NA,NA,NA,NA,NA,NA,275,79,NA,82,NA,NA,NA,NA,NA,NA,94,NA,87,NA,71,NA,NA,77,68,NA,NA,NA,NA,NA,NA,NA,NA,NA,NA,NA,NA,NA,360,NA,NA
"227","Stellaria",NA,164,NA,108,151,NA,NA,NA,NA,NA,NA,NA,NA,NA,NA,NA,NA,NA,NA,NA,NA,NA,NA,NA,NA,NA,NA,NA,NA,NA,NA,NA,NA,NA,NA,NA,NA,NA,NA,NA,NA,NA,NA,NA,NA
"228","Struthiopteris",NA,NA,NA,NA,NA,NA,238,NA,1939,145,1054,128,88,77,NA,NA,NA,122,NA,NA,213,NA,NA,315,182,579,NA,121,98,NA,NA,NA,NA,NA,NA,NA,NA,NA,NA,98,65,1586,226,NA,NA
"229","Stuckenia",NA,58,NA,NA,NA,NA,NA,NA,NA,NA,72,71,NA,132,54,NA,NA,NA,NA,55,677,NA,NA,NA,50,71,NA,360,142,NA,NA,NA,111,NA,NA,NA,NA,NA,69,NA,NA,50,NA,110,NA
"230","Suaeda",NA,87,278,735,206,443,87,104,NA,56,94,92,804,NA,NA,52,94,171,163,98,78,662,68,NA,57,106,NA,NA,591,72,NA,73,99,211,338,355,173,NA,76,91,308,65,247,263,NA
"231","Succisa",NA,NA,NA,54,NA,134,NA,73,223,310,1110,88,NA,NA,NA,NA,NA,NA,NA,NA,2237,NA,NA,NA,NA,NA,NA,NA,NA,NA,NA,NA,NA,NA,228,57,104,NA,NA,138,NA,NA,NA,NA,NA
"232","Tetradesmus",NA,50,NA,NA,NA,NA,NA,NA,NA,NA,NA,59,NA,NA,NA,NA,NA,NA,NA,NA,NA,NA,NA,NA,NA,NA,NA,65,234,NA,NA,NA,NA,NA,NA,NA,NA,NA,NA,NA,NA,NA,NA,NA,NA
"233","Thalictrum",NA,NA,NA,NA,NA,NA,NA,NA,NA,NA,NA,NA,NA,NA,NA,NA,NA,NA,NA,NA,3592,NA,NA,NA,NA,NA,NA,NA,NA,NA,NA,NA,NA,NA,NA,NA,NA,NA,NA,NA,NA,NA,NA,NA,NA
"234","Thelypteris",NA,NA,NA,NA,NA,NA,NA,NA,NA,NA,449,NA,NA,NA,NA,NA,NA,NA,NA,NA,102,NA,NA,NA,70,NA,NA,NA,NA,NA,NA,NA,NA,NA,NA,NA,NA,NA,NA,NA,NA,NA,NA,NA,NA
"235","Thymus",NA,NA,NA,1141,NA,129,209,68,NA,NA,NA,NA,NA,NA,NA,NA,NA,NA,254,NA,NA,NA,NA,NA,NA,NA,NA,NA,NA,NA,NA,NA,NA,NA,NA,NA,NA,NA,NA,NA,NA,NA,NA,NA,NA
"236","Tofieldia",NA,NA,NA,NA,NA,NA,NA,NA,NA,NA,NA,NA,NA,NA,NA,NA,NA,NA,NA,NA,NA,NA,NA,NA,NA,55,NA,NA,NA,NA,NA,NA,NA,NA,NA,NA,NA,NA,NA,NA,NA,NA,NA,NA,NA
"237","Trifolium",NA,81,118,114,156,191,93,90,NA,NA,80,133,NA,NA,59,NA,NA,NA,NA,NA,69,NA,NA,NA,71,NA,NA,107,134,61,NA,NA,87,NA,126,NA,NA,NA,NA,NA,NA,80,NA,NA,NA
"238","Triglochin",NA,NA,NA,NA,NA,NA,NA,55,NA,NA,NA,NA,NA,NA,NA,NA,NA,NA,NA,NA,NA,NA,NA,NA,NA,NA,NA,NA,NA,NA,NA,NA,NA,NA,NA,NA,NA,NA,NA,NA,NA,NA,NA,NA,NA
"239","Tripleurospermum",NA,NA,NA,NA,NA,NA,NA,74,NA,NA,NA,372,NA,70,NA,NA,NA,NA,NA,NA,613,NA,NA,NA,NA,194,NA,NA,79,NA,NA,NA,NA,NA,NA,88,NA,NA,NA,NA,NA,54,NA,NA,NA
"240","Triticum",NA,107,105,109,82,96,64,76,80,99,175,494,166,300,84,81,NA,97,NA,122,192,197,178,NA,145,250,NA,622,309,109,64,67,83,96,106,61,69,NA,76,71,58,136,NA,59,NA
"241","Tussilago",NA,NA,NA,NA,NA,NA,NA,NA,NA,NA,NA,68,NA,63,NA,NA,NA,NA,NA,NA,62,NA,NA,NA,NA,NA,NA,NA,128,NA,NA,NA,NA,NA,NA,NA,NA,NA,NA,NA,NA,NA,NA,NA,NA
"242","Ulmus",NA,NA,NA,NA,52,NA,NA,NA,108,131,NA,95,NA,NA,NA,NA,NA,NA,NA,NA,135,NA,NA,NA,NA,NA,NA,NA,NA,NA,NA,NA,NA,NA,NA,262,NA,NA,NA,NA,NA,NA,NA,NA,NA
"243","Urtica",NA,NA,NA,NA,NA,NA,NA,NA,NA,NA,169,89,NA,NA,NA,NA,NA,NA,NA,NA,NA,NA,NA,NA,NA,NA,NA,NA,NA,NA,NA,NA,NA,NA,NA,NA,NA,NA,NA,NA,NA,NA,NA,NA,NA
"244","Utricularia",NA,85,NA,NA,NA,89,NA,NA,NA,70,123,218,58,125,NA,NA,NA,NA,NA,NA,561,52,NA,NA,129,159,NA,93,311,NA,NA,NA,50,70,105,NA,NA,NA,NA,NA,55,NA,121,NA,NA
"245","Vaccinium",NA,NA,NA,NA,NA,50,NA,NA,144,219,235,118,NA,NA,NA,NA,NA,NA,NA,NA,269,NA,NA,NA,NA,NA,NA,NA,60,NA,NA,NA,NA,NA,NA,NA,NA,NA,NA,NA,NA,NA,NA,NA,NA
"246","Valeriana",NA,NA,NA,NA,NA,NA,NA,NA,NA,89,807,NA,NA,NA,NA,NA,NA,NA,NA,NA,NA,NA,NA,NA,NA,NA,NA,NA,NA,NA,NA,NA,NA,NA,NA,NA,NA,NA,NA,272,NA,NA,NA,NA,NA
"247","Veronica",NA,NA,NA,NA,NA,NA,NA,NA,NA,NA,NA,NA,NA,NA,NA,56,NA,NA,NA,NA,NA,NA,NA,NA,NA,NA,NA,NA,NA,NA,NA,NA,NA,NA,NA,NA,NA,NA,NA,NA,NA,NA,NA,NA,NA
"248","Vicia",NA,NA,NA,NA,54,NA,NA,560,393,294,730,775,294,1637,161,NA,NA,NA,NA,NA,478,NA,NA,NA,510,242,NA,71,NA,NA,NA,NA,NA,NA,NA,NA,NA,NA,NA,148,NA,NA,NA,NA,NA
"249","Vigna",NA,NA,NA,NA,NA,NA,NA,NA,NA,NA,NA,111,NA,82,NA,NA,NA,NA,NA,NA,NA,NA,NA,NA,NA,82,NA,107,67,NA,NA,NA,NA,NA,NA,NA,NA,NA,NA,NA,NA,NA,NA,NA,NA
"250","Viola",NA,NA,NA,NA,NA,NA,NA,70,NA,156,755,303,109,333,NA,NA,NA,NA,NA,70,1300,158,NA,NA,125,237,NA,86,119,NA,NA,NA,NA,69,NA,NA,NA,NA,NA,136,225,272,NA,NA,NA
"251","Vitis",NA,NA,NA,NA,NA,NA,NA,NA,NA,NA,NA,103,NA,NA,83,NA,NA,NA,NA,NA,NA,NA,NA,NA,NA,NA,NA,80,213,NA,NA,NA,NA,NA,NA,NA,NA,NA,NA,NA,NA,NA,NA,NA,NA
"252","Volvox",NA,NA,NA,NA,NA,NA,NA,NA,NA,NA,NA,NA,NA,NA,NA,NA,NA,NA,NA,NA,NA,NA,NA,NA,NA,NA,NA,51,NA,NA,NA,NA,NA,NA,NA,NA,NA,NA,NA,NA,NA,NA,NA,NA,NA
"253","Wolffia",NA,NA,NA,NA,NA,NA,NA,NA,NA,NA,NA,59,NA,NA,NA,NA,NA,NA,NA,NA,NA,NA,NA,NA,NA,52,NA,50,86,NA,NA,NA,NA,NA,NA,NA,NA,NA,NA,NA,NA,NA,NA,NA,NA
"254","Woodsia",NA,NA,NA,NA,NA,NA,51,NA,NA,NA,1841,NA,NA,NA,NA,NA,NA,NA,NA,NA,341,NA,55,NA,124,NA,53,NA,NA,NA,NA,NA,NA,NA,NA,56,NA,NA,NA,NA,NA,NA,91,NA,NA
"255","Zannichellia",NA,135,51,67,58,63,NA,NA,NA,NA,55,181,77,81,NA,NA,126,72,89,NA,175,NA,NA,NA,59,91,NA,69,170,93,83,65,144,84,87,NA,NA,NA,NA,NA,NA,75,NA,NA,NA
"256","Zostera",NA,NA,NA,NA,NA,NA,NA,54,511,1016,3668,4232,NA,57,NA,111,NA,NA,NA,169,6644,NA,NA,NA,NA,74,NA,NA,NA,95,166,863,1562,1595,3368,7360,4715,2123,4068,6620,897,3204,1657,110,NA
